Time,CPU Usage %,Temperature (C)
2023-03-18 21:39:44.817309,14.1,0
2023-03-18 21:39:55.034988,2.6,0
2023-03-18 21:40:05.252475,2.5,0
2023-03-18 21:40:15.459272,2.2,0
2023-03-18 21:40:25.670652,2.2,0
2023-03-18 21:40:35.867596,2.4,0
2023-03-18 21:40:46.109472,2.4,0
2023-03-18 21:40:56.286405,1.1,0
2023-03-18 21:41:06.473804,1.6,0
2023-03-18 21:41:16.674808,2.5,0
2023-03-18 21:41:26.869498,2.5,0
2023-03-18 21:41:37.058082,2.5,0
2023-03-18 21:41:47.232294,2.4,0
2023-03-18 21:41:57.413358,2.8,0
2023-03-18 21:42:07.592806,2.2,0
2023-03-18 21:42:17.765118,1.1,0
2023-03-18 21:42:27.961608,3,0
2023-03-18 21:42:38.170851,2.9,0
2023-03-18 21:42:48.357578,3,0
2023-03-18 21:42:58.566694,2.6,0
2023-03-18 21:43:08.747464,2.8,0
2023-03-18 21:43:18.910916,2.7,0
2023-03-18 21:43:29.095360,1.1,0
2023-03-18 21:43:39.445079,2.4,0
2023-03-18 21:43:49.700310,2.8,0
2023-03-18 21:43:59.893092,2.8,0
2023-03-18 21:44:10.106479,2.8,0
2023-03-18 21:44:20.283295,2.7,0
2023-03-18 21:44:30.455772,2.6,0
2023-03-18 21:44:40.639621,5.3,0
2023-03-18 21:44:50.819668,24.9,0
2023-03-18 21:45:00.999417,28.1,0
2023-03-18 21:45:11.187033,17.2,0
2023-03-18 21:45:21.384288,2.7,0
2023-03-18 21:45:31.585750,2.8,0
2023-03-18 21:45:41.758335,2.6,0
2023-03-18 21:45:51.936573,2.7,0
2023-03-18 21:46:02.113391,1.1,0
2023-03-18 21:46:12.291811,2.2,0
2023-03-18 21:46:22.483718,2.8,0
2023-03-18 21:46:32.695245,2.7,0
2023-03-18 21:46:42.951933,2.8,0
2023-03-18 21:46:53.147153,2.7,0
2023-03-18 21:47:03.329079,2.7,0
2023-03-18 21:47:13.508613,2,0
2023-03-18 21:47:23.674536,1.4,0
2023-03-18 21:47:33.855670,3,0
2023-03-18 21:47:44.109963,3,0
2023-03-18 21:47:54.294799,7,0
2023-03-18 21:48:04.549818,4,0
2023-03-18 21:48:15.023029,3.6,0
2023-03-18 21:48:25.216444,2.6,0
2023-03-18 21:48:35.393998,1.5,0
2023-03-18 21:48:45.570580,4,0
2023-03-18 21:48:55.759595,6.6,0
2023-03-18 21:49:05.932514,2.5,0
2023-03-18 21:49:16.131252,3,0
2023-03-18 21:49:26.309074,7.8,0
2023-03-18 21:49:36.478137,3,0
2023-03-18 21:49:46.693161,2,0
2023-03-18 21:49:56.872604,1.2,0
2023-03-18 21:50:07.057886,2.7,0
2023-03-18 21:50:17.262116,2.8,0
2023-03-18 21:50:27.455973,2.7,0
2023-03-18 21:50:37.653012,2.9,0
2023-03-18 21:50:47.816352,3.8,0
2023-03-18 21:50:57.991334,9.1,0
2023-03-18 21:51:08.156918,0.4,0
2023-03-18 21:51:18.347803,2.1,0
2023-03-18 21:51:28.544913,2.9,0
2023-03-18 21:51:38.735086,2.4,0
2023-03-18 21:51:49.003675,2.2,0
2023-03-18 21:51:59.231336,2.3,0
2023-03-18 21:52:09.411588,2.3,0
2023-03-18 21:52:19.587591,1.3,0
2023-03-18 21:52:29.764293,1,0
2023-03-18 21:52:39.964049,2.3,0
2023-03-18 21:52:50.220356,2.4,0
2023-03-18 21:53:00.422677,2.6,0
2023-03-18 21:53:10.651010,3.1,0
2023-03-18 21:53:20.825683,2.2,0
2023-03-18 21:53:31.006053,2.4,0
2023-03-18 21:53:41.195404,0.5,0
2023-03-18 21:53:51.385812,2.3,0
2023-03-18 21:54:01.653401,2.3,0
2023-03-18 21:54:11.843596,2.2,0
2023-03-18 21:54:22.050422,2.2,0
2023-03-18 21:54:32.260346,2.2,0
2023-03-18 21:54:42.433738,2.3,0
2023-03-18 21:54:52.607717,1.2,0
2023-03-18 21:55:02.842025,1.2,0
2023-03-18 21:55:13.043666,2.2,0
2023-03-18 21:55:23.317255,2.3,0
2023-03-18 21:55:33.579699,2.3,0
2023-03-18 21:55:43.953749,2.6,0
2023-03-18 21:55:54.192723,2.2,0
2023-03-18 21:56:04.371237,2.4,0
2023-03-18 21:56:14.551570,0.6,0
2023-03-18 21:56:24.731981,1.7,0
2023-03-18 21:56:34.939708,2.3,0
2023-03-18 21:56:45.133195,2.2,0
2023-03-18 21:56:55.334357,2.3,0
2023-03-18 21:57:05.528409,2.3,0
2023-03-18 21:57:15.697375,2.2,0
2023-03-18 21:57:25.876488,1.5,0
2023-03-18 21:57:36.052225,1.1,0
2023-03-18 21:57:46.242373,2.5,0
2023-03-18 21:57:56.449125,2.3,0
2023-03-18 21:58:06.649170,2.3,0
2023-03-18 21:58:16.827986,2.2,0
2023-03-18 21:58:27.008060,2.6,0
2023-03-18 21:58:37.200735,3,0
2023-03-18 21:58:47.435591,0.5,0
2023-03-18 21:58:57.613526,2,0
2023-03-18 21:59:07.818944,2.3,0
2023-03-18 21:59:18.015164,2.2,0
2023-03-18 21:59:28.238231,2.2,0
2023-03-18 21:59:38.442819,2.5,0
2023-03-18 21:59:48.617697,2.2,0
2023-03-18 21:59:58.815649,1.5,0
2023-03-18 22:00:08.989116,1.1,0
2023-03-18 22:00:19.205148,2.3,0
2023-03-18 22:00:29.416331,2.2,0
2023-03-18 22:00:39.690930,2.5,0
2023-03-18 22:00:49.898148,2.3,0
2023-03-18 22:01:00.124397,2.2,0
2023-03-18 22:01:10.288450,2.2,0
2023-03-18 22:01:20.475310,0.3,0
2023-03-18 22:01:30.663151,2.1,0
2023-03-18 22:01:40.933745,2.5,0
2023-03-18 22:01:51.190736,2.1,0
2023-03-18 22:02:01.406603,2.3,0
2023-03-18 22:02:11.607014,2.7,0
2023-03-18 22:02:21.778177,2.2,0
2023-03-18 22:02:31.991653,1.5,0
2023-03-18 22:02:42.273021,1,0
2023-03-18 22:02:52.490937,2.3,0
2023-03-18 22:03:02.697805,2.4,0
2023-03-18 22:03:12.905892,2.3,0
2023-03-18 22:03:23.117024,2.3,0
2023-03-18 22:03:33.308998,2.5,0
2023-03-18 22:03:43.775604,2.2,0
2023-03-18 22:03:53.958630,0.9,0
2023-03-18 22:04:04.133374,1.6,0
2023-03-18 22:04:14.421980,2.3,0
2023-03-18 22:04:24.634873,2.6,0
2023-03-18 22:04:34.834880,2.6,0
2023-03-18 22:04:45.079853,2.1,0
2023-03-18 22:04:55.257657,2.1,0
2023-03-18 22:05:05.423264,1.8,0
2023-03-18 22:05:15.598161,0.5,0
2023-03-18 22:05:25.794886,2.3,0
2023-03-18 22:05:36.004563,2.4,0
2023-03-18 22:05:46.314623,2.3,0
2023-03-18 22:05:56.524728,2.3,0
2023-03-18 22:06:06.754824,2.3,0
2023-03-18 22:06:16.994210,2.3,0
2023-03-18 22:06:27.169737,1.2,0
2023-03-18 22:06:37.349326,1.6,0
2023-03-18 22:06:47.545364,2.2,0
2023-03-18 22:06:57.748592,2.2,0
2023-03-18 22:07:07.952807,2.3,0
2023-03-18 22:07:18.144960,2.3,0
2023-03-18 22:07:28.323930,2.1,0
2023-03-18 22:07:38.498077,2,0
2023-03-18 22:07:48.760332,0.6,0
2023-03-18 22:07:58.960421,2.4,0
2023-03-18 22:08:09.158528,2.2,0
2023-03-18 22:08:19.351119,2.2,0
2023-03-18 22:08:29.559598,2.2,0
2023-03-18 22:08:39.757303,2.7,0
2023-03-18 22:08:49.946903,2.1,0
2023-03-18 22:09:00.125897,0.8,0
2023-03-18 22:09:10.306149,2.6,0
2023-03-18 22:09:20.524579,2.3,0
2023-03-18 22:09:30.735731,2.3,0
2023-03-18 22:09:40.946474,2.6,0
2023-03-18 22:09:51.136659,2.2,0
2023-03-18 22:10:01.333108,2.2,0
2023-03-18 22:10:11.502247,1.7,0
2023-03-18 22:10:21.682164,0.7,0
2023-03-18 22:10:31.890423,2.3,0
2023-03-18 22:10:42.288538,2.4,0
2023-03-18 22:10:52.537940,2.4,0
2023-03-18 22:11:02.745271,2.3,0
2023-03-18 22:11:12.942029,2.2,0
2023-03-18 22:11:23.131690,2.2,0
2023-03-18 22:11:33.330151,0.9,0
2023-03-18 22:11:43.629115,1.4,0
2023-03-18 22:11:53.826297,2.3,0
2023-03-18 22:12:04.021581,2.3,0
2023-03-18 22:12:14.225469,2.2,0
2023-03-18 22:12:24.430727,2.2,0
2023-03-18 22:12:34.618702,2.3,0
2023-03-18 22:12:44.817136,2.2,0
2023-03-18 22:12:55.007002,0.6,0
2023-03-18 22:13:05.211607,2.5,0
2023-03-18 22:13:15.434545,2.4,0
2023-03-18 22:13:25.654484,2.3,0
2023-03-18 22:13:35.867493,2.4,0
2023-03-18 22:13:46.076736,2.3,0
2023-03-18 22:13:56.309613,2.2,0
2023-03-18 22:14:06.515587,1.1,0
2023-03-18 22:14:16.689843,1.3,0
2023-03-18 22:14:26.890719,2.4,0
2023-03-18 22:14:37.098323,2.3,0
2023-03-18 22:14:47.299501,2.3,0
2023-03-18 22:14:57.528832,2.4,0
2023-03-18 22:15:07.698171,2.1,0
2023-03-18 22:15:17.867691,1.9,0
2023-03-18 22:15:28.041757,0.5,0
2023-03-18 22:15:38.317674,2.4,0
2023-03-18 22:15:48.517196,2.3,0
2023-03-18 22:15:58.708323,2.2,0
2023-03-18 22:16:08.898297,2.4,0
2023-03-18 22:16:19.089832,2.3,0
2023-03-18 22:16:29.267458,2.3,0
2023-03-18 22:16:39.442534,1,0
2023-03-18 22:16:49.683306,1.5,0
2023-03-18 22:16:59.885032,2.3,0
2023-03-18 22:17:10.067064,2.6,0
2023-03-18 22:17:20.268852,2.2,0
2023-03-18 22:17:30.463695,2.2,0
2023-03-18 22:17:40.638635,2.4,0
2023-03-18 22:17:50.821969,1.9,0
2023-03-18 22:18:01.001022,0.7,0
2023-03-18 22:18:11.196828,2.3,0
2023-03-18 22:18:21.443654,2.2,0
2023-03-18 22:18:31.669116,2.3,0
2023-03-18 22:18:42.025783,2.5,0
2023-03-18 22:18:52.260534,2.3,0
2023-03-18 22:19:02.430809,2.2,0
2023-03-18 22:19:12.615572,1,0
2023-03-18 22:19:22.811617,1.5,0
2023-03-18 22:19:33.019804,2.3,0
2023-03-18 22:19:43.302789,2.5,0
2023-03-18 22:19:53.578211,2.2,0
2023-03-18 22:20:03.785475,2.2,0
2023-03-18 22:20:13.983616,2.1,0
2023-03-18 22:20:24.160575,2.2,0
2023-03-18 22:20:34.343799,0.3,0
2023-03-18 22:20:44.638838,2.3,0
2023-03-18 22:20:54.844056,2.2,0
2023-03-18 22:21:05.043833,2.3,0
2023-03-18 22:21:15.242236,2.3,0
2023-03-18 22:21:25.435589,2.4,0
2023-03-18 22:21:35.612081,2.3,0
2023-03-18 22:21:45.777282,1,0
2023-03-18 22:21:55.965411,1.4,0
2023-03-18 22:22:06.178685,2.4,0
2023-03-18 22:22:16.748519,2.2,0
2023-03-18 22:22:26.977530,2.2,0
2023-03-18 22:22:37.190869,2.3,0
2023-03-18 22:22:47.381106,2.2,0
2023-03-18 22:22:57.619594,2.2,0
2023-03-18 22:23:07.787588,0.6,0
2023-03-18 22:23:18.018265,2,0
2023-03-18 22:23:28.198983,2.2,0
2023-03-18 22:23:38.407380,2.7,0
2023-03-18 22:23:48.600612,2.3,0
2023-03-18 22:23:58.812447,2.2,0
2023-03-18 22:24:08.989489,2.2,0
2023-03-18 22:24:19.165928,1.8,0
2023-03-18 22:24:29.398201,1,0
2023-03-18 22:24:39.594791,2.3,0
2023-03-18 22:24:49.857594,2.3,0
2023-03-18 22:25:00.135725,2.2,0
2023-03-18 22:25:10.361874,2.3,0
2023-03-18 22:25:20.606954,2.2,0
2023-03-18 22:25:30.783613,2.3,0
2023-03-18 22:25:40.978698,1.1,0
2023-03-18 22:25:51.233468,1.8,0
2023-03-18 22:26:01.473381,2.3,0
2023-03-18 22:26:11.671211,2.3,0
2023-03-18 22:26:21.878347,2.3,0
2023-03-18 22:26:32.112706,2.3,0
2023-03-18 22:26:42.297150,2.1,0
2023-03-18 22:26:52.471570,1.8,0
2023-03-18 22:27:02.680286,0.8,0
2023-03-18 22:27:12.894042,2.3,0
2023-03-18 22:27:23.108582,2.3,0
2023-03-18 22:27:33.319110,2.3,0
2023-03-18 22:27:43.646512,2.2,0
2023-03-18 22:27:53.858658,2.5,0
2023-03-18 22:28:04.040892,2.2,0
2023-03-18 22:28:14.231575,0.9,0
2023-03-18 22:28:24.418867,1.6,0
2023-03-18 22:28:34.642424,2.4,0
2023-03-18 22:28:44.971632,2.3,0
2023-03-18 22:28:55.256391,2.4,0
2023-03-18 22:29:05.463830,2.2,0
2023-03-18 22:29:15.631786,2.2,0
2023-03-18 22:29:25.805805,1.9,0
2023-03-18 22:29:35.979417,0.6,0
2023-03-18 22:29:46.177374,2.2,0
2023-03-18 22:29:56.384862,2.6,0
2023-03-18 22:30:06.593356,2.2,0
2023-03-18 22:30:16.791966,2.2,0
2023-03-18 22:30:27.004159,2.3,0
2023-03-18 22:30:37.182677,2.4,0
2023-03-18 22:30:47.359792,0.8,0
2023-03-18 22:30:57.546939,1.5,0
2023-03-18 22:31:07.757585,2.2,0
2023-03-18 22:31:17.957121,2.4,0
2023-03-18 22:31:28.154685,2.2,0
2023-03-18 22:31:38.352288,2.4,0
2023-03-18 22:31:48.546685,2.1,0
2023-03-18 22:31:58.767608,1.9,0
2023-03-18 22:32:08.946017,0.8,0
2023-03-18 22:32:19.157612,2.6,0
2023-03-18 22:32:29.364488,2.2,0
2023-03-18 22:32:39.652556,2.4,0
2023-03-18 22:32:49.843682,2.3,0
2023-03-18 22:33:00.068941,2.3,0
2023-03-18 22:33:10.254258,2.2,0
2023-03-18 22:33:20.423241,0.9,0
2023-03-18 22:33:30.598255,1.8,0
2023-03-18 22:33:40.800186,2.4,0
2023-03-18 22:33:51.006067,2.2,0
2023-03-18 22:34:01.217581,2.4,0
2023-03-18 22:34:11.415588,2.2,0
2023-03-18 22:34:21.584103,2.4,0
2023-03-18 22:34:31.759572,1.7,0
2023-03-18 22:34:41.929754,0.6,0
2023-03-18 22:34:52.192872,2.2,0
2023-03-18 22:35:02.387973,2.4,0
2023-03-18 22:35:12.579876,2.2,0
2023-03-18 22:35:22.779888,2.3,0
2023-03-18 22:35:32.982200,2.3,0
2023-03-18 22:35:43.310694,2.4,0
2023-03-18 22:35:53.485627,0.8,0
2023-03-18 22:36:03.672959,1.6,0
2023-03-18 22:36:14.242178,2.1,0
2023-03-18 22:36:24.441263,2.2,0
2023-03-18 22:36:34.649555,2.6,0
2023-03-18 22:36:44.961736,2.3,0
2023-03-18 22:36:55.132661,2.1,0
2023-03-18 22:37:05.314830,2.2,0
2023-03-18 22:37:15.505258,0.3,0
2023-03-18 22:37:25.696237,2.1,0
2023-03-18 22:37:35.906946,2.5,0
2023-03-18 22:37:46.124326,2.2,0
2023-03-18 22:37:56.401358,2.1,0
2023-03-18 22:38:06.615545,2.3,0
2023-03-18 22:38:16.808765,2.1,0
2023-03-18 22:38:26.988841,1.5,0
2023-03-18 22:38:37.174902,1.3,0
2023-03-18 22:38:47.363940,2.2,0
2023-03-18 22:38:57.559712,2.3,0
2023-03-18 22:39:07.774378,2.5,0
2023-03-18 22:39:17.997218,2.2,0
2023-03-18 22:39:28.185018,3,0
2023-03-18 22:39:38.546120,2.5,0
2023-03-18 22:39:48.716960,0.4,0
2023-03-18 22:39:58.895614,1.9,0
2023-03-18 22:40:09.268014,2.5,0
2023-03-18 22:40:19.492118,2.2,0
2023-03-18 22:40:29.714757,2.4,0
2023-03-18 22:40:39.928543,2.7,0
2023-03-18 22:40:50.335958,2.2,0
2023-03-18 22:41:00.575480,1.9,0
2023-03-18 22:41:10.757987,0.3,0
2023-03-18 22:41:20.991675,2.3,0
2023-03-18 22:41:31.210888,2.3,0
2023-03-18 22:41:41.411680,2.3,0
2023-03-18 22:41:51.611667,2.4,0
2023-03-18 22:42:01.814010,2.2,0
2023-03-18 22:42:12.014718,2.4,0
2023-03-18 22:42:22.199603,1,0
2023-03-18 22:42:32.785005,1.5,0
2023-03-18 22:42:42.998045,2.3,0
2023-03-18 22:42:53.198907,2.5,0
2023-03-18 22:43:03.412424,2.3,0
2023-03-18 22:43:13.611473,2.2,0
2023-03-18 22:43:23.804535,2.1,0
2023-03-18 22:43:33.988258,2.3,0
2023-03-18 22:43:44.167670,0.4,0
2023-03-18 22:43:54.463492,2,0
2023-03-18 22:44:04.659311,2.2,0
2023-03-18 22:44:14.862919,2.3,0
2023-03-18 22:44:25.078236,2.2,0
2023-03-18 22:44:35.283467,2.4,0
2023-03-18 22:44:45.459081,2.1,0
2023-03-18 22:44:55.638181,1.5,0
2023-03-18 22:45:05.803235,1,0
2023-03-18 22:45:15.999991,2.3,0
2023-03-18 22:45:26.225792,2.2,0
2023-03-18 22:45:36.447678,2.5,0
2023-03-18 22:45:46.639721,2.2,0
2023-03-18 22:45:56.833860,2.2,0
2023-03-18 22:46:07.015890,2.2,0
2023-03-18 22:46:17.191617,0.2,0
2023-03-18 22:46:27.391238,2.1,0
2023-03-18 22:46:37.591874,2.4,0
2023-03-18 22:46:47.786399,2.2,0
2023-03-18 22:46:58.056954,2.2,0
2023-03-18 22:47:08.273097,2.4,0
2023-03-18 22:47:18.443466,2.3,0
2023-03-18 22:47:28.627592,1.3,0
2023-03-18 22:47:38.810950,1.3,0
2023-03-18 22:47:49.014862,2.2,0
2023-03-18 22:47:59.217906,2.2,0
2023-03-18 22:48:09.417950,2.3,0
2023-03-18 22:48:19.617768,2.2,0
2023-03-18 22:48:29.802814,2.1,0
2023-03-18 22:48:39.987077,2.3,0
2023-03-18 22:48:50.400766,0.5,0
2023-03-18 22:49:00.590444,1.9,0
2023-03-18 22:49:10.818698,2.3,0
2023-03-18 22:49:21.023296,2.5,0
2023-03-18 22:49:31.240450,2.3,0
2023-03-18 22:49:41.512532,2.5,0
2023-03-18 22:49:51.676797,2.2,0
2023-03-18 22:50:01.939576,1.5,0
2023-03-18 22:50:12.117703,0.7,0
2023-03-18 22:50:22.321299,2.2,0
2023-03-18 22:50:32.523661,2.3,0
2023-03-18 22:50:42.831506,2.5,0
2023-03-18 22:50:53.021751,2.2,0
2023-03-18 22:51:03.207819,2.3,0
2023-03-18 22:51:13.402436,2.1,0
2023-03-18 22:51:23.598697,0.5,0
2023-03-18 22:51:33.797518,2,0
2023-03-18 22:51:44.005230,2.4,0
2023-03-18 22:51:54.206256,2.2,0
2023-03-18 22:52:04.428950,2.3,0
2023-03-18 22:52:14.635671,2.2,0
2023-03-18 22:52:24.807985,2.2,0
2023-03-18 22:52:34.990041,1.6,0
2023-03-18 22:52:45.163100,0.9,0
2023-03-18 22:52:55.407658,2.2,0
2023-03-18 22:53:05.598613,2.4,0
2023-03-18 22:53:15.800231,2.3,0
2023-03-18 22:53:26.009299,2.4,0
2023-03-18 22:53:36.234963,2.8,0
2023-03-18 22:53:46.428815,2.3,0
2023-03-18 22:53:56.606337,0.5,0
2023-03-18 22:54:06.791845,2,0
2023-03-18 22:54:17.003771,2.2,0
2023-03-18 22:54:27.191677,2.2,0
2023-03-18 22:54:37.395964,2.4,0
2023-03-18 22:54:47.610414,2.2,0
2023-03-18 22:54:57.791556,2.1,0
2023-03-18 22:55:07.964835,1.4,0
2023-03-18 22:55:18.164004,0.9,0
2023-03-18 22:55:28.376518,2.3,0
2023-03-18 22:55:38.586727,2.5,0
2023-03-18 22:55:48.794789,2.3,0
2023-03-18 22:55:59.066836,2.2,0
2023-03-18 22:56:09.259191,2.3,0
2023-03-18 22:56:19.429547,2.1,0
2023-03-18 22:56:29.612450,0.4,0
2023-03-18 22:56:39.811661,2.2,0
2023-03-18 22:56:50.042009,2.2,0
2023-03-18 22:57:00.246189,2.2,0
2023-03-18 22:57:10.456971,2.5,0
2023-03-18 22:57:20.668710,2.2,0
2023-03-18 22:57:30.845168,2.3,0
2023-03-18 22:57:41.027593,1.6,0
2023-03-18 22:57:51.208149,1.2,0
2023-03-18 22:58:01.457185,2.2,0
2023-03-18 22:58:11.668749,2.2,0
2023-03-18 22:58:21.888517,2.2,0
2023-03-18 22:58:32.087275,2.3,0
2023-03-18 22:58:42.323802,2.2,0
2023-03-18 22:58:52.489819,2.2,0
2023-03-18 22:59:02.711769,0.4,0
2023-03-18 22:59:12.891067,2.1,0
2023-03-18 22:59:23.101926,2.2,0
2023-03-18 22:59:33.299649,2.3,0
2023-03-18 22:59:43.510299,2.5,0
2023-03-18 22:59:53.697222,2.3,0
2023-03-18 23:00:03.890445,2.5,0
2023-03-18 23:00:14.067586,1.3,0
2023-03-18 23:00:24.241074,1,0
2023-03-18 23:00:34.451753,2.2,0
2023-03-18 23:00:44.695691,2.3,0
2023-03-18 23:00:54.896685,2.3,0
2023-03-18 23:01:05.096960,2.3,0
2023-03-18 23:01:15.266459,2.3,0
2023-03-18 23:01:25.451114,2.1,0
2023-03-18 23:01:35.636285,0.4,0
2023-03-18 23:01:45.853513,2.1,0
2023-03-18 23:01:56.120722,2.3,0
2023-03-18 23:02:06.315310,2.5,0
2023-03-18 23:02:16.513076,2.3,0
2023-03-18 23:02:26.719628,2.4,0
2023-03-18 23:02:36.893753,2.4,0
2023-03-18 23:02:47.066594,1.2,0
2023-03-18 23:02:57.252009,1.3,0
2023-03-18 23:03:07.452726,2.3,0
2023-03-18 23:03:17.660507,2.1,0
2023-03-18 23:03:27.873945,2.2,0
2023-03-18 23:03:38.070443,2.8,0
2023-03-18 23:03:48.257916,2.1,0
2023-03-18 23:03:58.441489,2.3,0
2023-03-18 23:04:08.650449,0.3,0
2023-03-18 23:04:18.843968,2.6,0
2023-03-18 23:04:29.049793,2.2,0
2023-03-18 23:04:39.251443,2.4,0
2023-03-18 23:04:49.450719,2.2,0
2023-03-18 23:04:59.746352,2.2,0
2023-03-18 23:05:09.921108,2.2,0
2023-03-18 23:05:20.097930,1.1,0
2023-03-18 23:05:30.276742,1.3,0
2023-03-18 23:05:40.486948,2.4,0
2023-03-18 23:05:50.709466,2.2,0
2023-03-18 23:06:00.918877,2.5,0
2023-03-18 23:06:11.123135,2.2,0
2023-03-18 23:06:21.308903,2.3,0
2023-03-18 23:06:31.475578,2.4,0
2023-03-18 23:06:41.701117,0.4,0
2023-03-18 23:06:51.903680,2.2,0
2023-03-18 23:07:02.094177,2.4,0
2023-03-18 23:07:12.297651,10.8,0
2023-03-18 23:07:22.469843,2.6,0
2023-03-18 23:07:32.666559,2.8,0
2023-03-18 23:07:42.846782,2.9,0
2023-03-18 23:07:53.023619,1.4,0
2023-03-18 23:08:03.307722,2,0
2023-03-18 23:08:13.543339,2.8,0
2023-03-18 23:08:23.737486,2.7,0
2023-03-18 23:08:33.939208,2.8,0
2023-03-18 23:08:44.186009,2.8,0
2023-03-18 23:08:54.362491,2.6,0
2023-03-18 23:09:04.531038,2.7,0
2023-03-18 23:09:14.705060,0.9,0
2023-03-18 23:09:24.903029,2.8,0
2023-03-18 23:09:35.115716,4,0
2023-03-18 23:09:45.322175,2.9,0
2023-03-18 23:09:55.515286,2.7,0
2023-03-18 23:10:05.701557,2.7,0
2023-03-18 23:10:15.896794,2.6,0
2023-03-18 23:10:26.067203,1.3,0
2023-03-18 23:10:36.270354,2.5,0
2023-03-18 23:10:46.462623,2.8,0
2023-03-18 23:10:56.669088,2.7,0
2023-03-18 23:11:06.971373,2.8,0
2023-03-18 23:11:17.167946,2.8,0
2023-03-18 23:11:27.335698,2.7,0
2023-03-18 23:11:37.511476,2.5,0
2023-03-18 23:11:47.696324,0.9,0
2023-03-18 23:11:57.896551,2.6,0
2023-03-18 23:12:08.106797,2.8,0
2023-03-18 23:12:18.305777,2.7,0
2023-03-18 23:12:28.522386,2.9,0
2023-03-18 23:12:38.700257,2.7,0
2023-03-18 23:12:48.871099,3,0
2023-03-18 23:12:59.050602,1.2,0
2023-03-18 23:13:09.224121,2.2,0
2023-03-18 23:13:19.435633,2.9,0
2023-03-18 23:13:29.634229,2.7,0
2023-03-18 23:13:39.837702,2.8,0
2023-03-18 23:13:50.029118,2.7,0
2023-03-18 23:14:00.280230,2.6,0
2023-03-18 23:14:10.471589,2.3,0
2023-03-18 23:14:20.642211,1.2,0
2023-03-18 23:14:30.833567,2.8,0
2023-03-18 23:14:41.025746,2.8,0
2023-03-18 23:14:51.215209,2.8,0
2023-03-18 23:15:01.418887,2.8,0
2023-03-18 23:15:11.585232,2.7,0
2023-03-18 23:15:21.762935,2.5,0
2023-03-18 23:15:31.931582,0.9,0
2023-03-18 23:15:42.097856,2.4,0
2023-03-18 23:15:52.297149,2.9,0
2023-03-18 23:16:02.492152,2.7,0
2023-03-18 23:16:12.682114,2.8,0
2023-03-18 23:16:22.864995,2.7,0
2023-03-18 23:16:33.035323,2.8,0
2023-03-18 23:16:43.359770,1.9,0
2023-03-18 23:16:53.542234,1.4,0
2023-03-18 23:17:03.816047,3,0
2023-03-18 23:17:14.015115,2.9,0
2023-03-18 23:17:24.215309,2.6,0
2023-03-18 23:17:34.395427,2.8,0
2023-03-18 23:17:44.706271,2.6,0
2023-03-18 23:17:54.880654,2.7,0
2023-03-18 23:18:05.095572,1,0
2023-03-18 23:18:15.259599,2.3,0
2023-03-18 23:18:25.468824,2.7,0
2023-03-18 23:18:35.671729,3,0
2023-03-18 23:18:45.867595,2.7,0
2023-03-18 23:18:56.035593,2.6,0
2023-03-18 23:19:06.224789,2.7,0
2023-03-18 23:19:16.397898,2.2,0
2023-03-18 23:19:26.600682,1.5,0
2023-03-18 23:19:36.785946,3.1,0
2023-03-18 23:19:46.985811,2.8,0
2023-03-18 23:19:57.194674,2.7,0
2023-03-18 23:20:07.442315,2.7,0
2023-03-18 23:20:17.620103,2.6,0
2023-03-18 23:20:27.792870,2.7,0
2023-03-18 23:20:37.959689,0.7,0
2023-03-18 23:20:48.160877,2.7,0
2023-03-18 23:20:58.367730,2.8,0
2023-03-18 23:21:08.591015,2.8,0
2023-03-18 23:21:18.781179,2.8,0
2023-03-18 23:21:29.111031,2.8,0
2023-03-18 23:21:39.298364,2.9,0
2023-03-18 23:21:49.481266,1.8,0
2023-03-18 23:21:59.671038,1.6,0
2023-03-18 23:22:09.895949,2.8,0
2023-03-18 23:22:20.102947,2.9,0
2023-03-18 23:22:30.301908,2.9,0
2023-03-18 23:22:40.501449,2.8,0
2023-03-18 23:22:50.677911,2.5,0
2023-03-18 23:23:00.941352,2.7,0
2023-03-18 23:23:11.115587,0.8,0
2023-03-18 23:23:21.279654,2.6,0
2023-03-18 23:23:31.472700,3,0
2023-03-18 23:23:41.684623,3.1,0
2023-03-18 23:23:51.885407,2.7,0
2023-03-18 23:24:02.070549,2.6,0
2023-03-18 23:24:12.243595,2.6,0
2023-03-18 23:24:22.418395,1.7,0
2023-03-18 23:24:32.599773,1.7,0
2023-03-18 23:24:42.852742,2.7,0
2023-03-18 23:24:53.038849,2.7,0
2023-03-18 23:25:03.242796,2.8,0
2023-03-18 23:25:13.420294,2.7,0
2023-03-18 23:25:23.598785,2.6,0
2023-03-18 23:25:33.775324,2.5,0
2023-03-18 23:25:44.043181,1,0
2023-03-18 23:25:54.236516,2.7,0
2023-03-18 23:26:04.513098,2.8,0
2023-03-18 23:26:14.726239,2.7,0
2023-03-18 23:26:24.923893,2.7,0
2023-03-18 23:26:35.115934,2.8,0
2023-03-18 23:26:45.304020,2.5,0
2023-03-18 23:26:55.483788,1.6,0
2023-03-18 23:27:05.671416,1.7,0
2023-03-18 23:27:15.872798,2.7,0
2023-03-18 23:27:26.089805,2.8,0
2023-03-18 23:27:36.285169,2.8,0
2023-03-18 23:27:46.481312,2.9,0
2023-03-18 23:27:56.659933,2.7,0
2023-03-18 23:28:06.836763,2.4,0
2023-03-18 23:28:17.026511,0.8,0
2023-03-18 23:28:27.214092,2.7,0
2023-03-18 23:28:37.408883,3,0
2023-03-18 23:28:47.608056,2.9,0
2023-03-18 23:28:57.815683,2.8,0
2023-03-18 23:29:08.040601,2.6,0
2023-03-18 23:29:18.311803,2.6,0
2023-03-18 23:29:28.485075,1.5,0
2023-03-18 23:29:38.660941,1.9,0
2023-03-18 23:29:48.855382,2.8,0
2023-03-18 23:29:59.053473,3.1,0
2023-03-18 23:30:09.255506,2.8,0
2023-03-18 23:30:19.509557,2.7,0
2023-03-18 23:30:29.690276,2.6,0
2023-03-18 23:30:39.859593,2.6,0
2023-03-18 23:30:50.032436,0.9,0
2023-03-18 23:31:00.239326,2.7,0
2023-03-18 23:31:10.436542,2.7,0
2023-03-18 23:31:20.666588,2.7,0
2023-03-18 23:31:30.899475,2.7,0
2023-03-18 23:31:41.172234,2.8,0
2023-03-18 23:31:51.354704,2.5,0
2023-03-18 23:32:01.627999,1.6,0
2023-03-18 23:32:11.803658,1.9,0
2023-03-18 23:32:22.000070,3,0
2023-03-18 23:32:32.200871,2.8,0
2023-03-18 23:32:42.520807,2.6,0
2023-03-18 23:32:52.746272,2.7,0
2023-03-18 23:33:02.920741,2.5,0
2023-03-18 23:33:13.093126,2.6,0
2023-03-18 23:33:23.280433,0.7,0
2023-03-18 23:33:33.471159,3.1,0
2023-03-18 23:33:43.696363,2.9,0
2023-03-18 23:33:53.926497,2.8,0
2023-03-18 23:34:04.115160,2.9,0
2023-03-18 23:34:14.291590,2.6,0
2023-03-18 23:34:24.465504,2.7,0
2023-03-18 23:34:34.641482,1.5,0
2023-03-18 23:34:44.875668,1.9,0
2023-03-18 23:34:55.079505,2.7,0
2023-03-18 23:35:05.346755,2.9,0
2023-03-18 23:35:15.546768,2.7,0
2023-03-18 23:35:25.736134,2.8,0
2023-03-18 23:35:35.914522,2.8,0
2023-03-18 23:35:46.074116,2.5,0
2023-03-18 23:35:56.263722,0.9,0
2023-03-18 23:36:06.470523,2.7,0
2023-03-18 23:36:16.674149,2.7,0
2023-03-18 23:36:26.890218,3.1,0
2023-03-18 23:36:37.087599,2.9,0
2023-03-18 23:36:47.251588,2.7,0
2023-03-18 23:36:57.428770,2.5,0
2023-03-18 23:37:07.609180,1.4,0
2023-03-18 23:37:17.775652,1.9,0
2023-03-18 23:37:27.994130,2.8,0
2023-03-18 23:37:38.194553,3.1,0
2023-03-18 23:37:48.403423,2.7,0
2023-03-18 23:37:58.571583,2.6,0
2023-03-18 23:38:08.824361,2.6,0
2023-03-18 23:38:18.983566,2.1,0
2023-03-18 23:38:29.172727,1.2,0
2023-03-18 23:38:39.374807,3,0
2023-03-18 23:38:49.566429,2.8,0
2023-03-18 23:38:59.764827,2.9,0
2023-03-18 23:39:09.962566,2.8,0
2023-03-18 23:39:20.377390,2.9,0
2023-03-18 23:39:30.556498,2.6,0
2023-03-18 23:39:40.719610,2.4,0
2023-03-18 23:39:50.905597,1.9,0
2023-03-18 23:40:01.114172,2.8,0
2023-03-18 23:40:11.302111,2.7,0
2023-03-18 23:40:21.750185,2.8,0
2023-03-18 23:40:31.972419,2.7,0
2023-03-18 23:40:42.198592,3,0
2023-03-18 23:40:52.382665,2.7,0
2023-03-18 23:41:02.578433,0.8,0
2023-03-18 23:41:12.851701,2.7,0
2023-03-18 23:41:23.135702,2.6,0
2023-03-18 23:41:33.339650,2.9,0
2023-03-18 23:41:43.538379,2.8,0
2023-03-18 23:41:53.722672,2.7,0
2023-03-18 23:42:03.905524,2.7,0
2023-03-18 23:42:14.152125,1.8,0
2023-03-18 23:42:24.336441,1.5,0
2023-03-18 23:42:34.555269,2.8,0
2023-03-18 23:42:44.890583,2.8,0
2023-03-18 23:42:55.089854,2.8,0
2023-03-18 23:43:05.264091,2.6,0
2023-03-18 23:43:15.445433,2.5,0
2023-03-18 23:43:25.624132,2.6,0
2023-03-18 23:43:35.838401,1.1,0
2023-03-18 23:43:46.008137,2.5,0
2023-03-18 23:43:56.267111,2.8,0
2023-03-18 23:44:06.529241,2.9,0
2023-03-18 23:44:16.731487,2.8,0
2023-03-18 23:44:26.907840,2.6,0
2023-03-18 23:44:37.081820,2.6,0
2023-03-18 23:44:47.335118,1.9,0
2023-03-18 23:44:57.567739,1.7,0
2023-03-18 23:45:07.788652,2.7,0
2023-03-18 23:45:18.039179,2.7,0
2023-03-18 23:45:28.241788,2.6,0
2023-03-18 23:45:38.518498,2.8,0
2023-03-18 23:45:48.701865,2.8,0
2023-03-18 23:45:58.867409,2.7,0
2023-03-18 23:46:09.082792,1,0
2023-03-18 23:46:19.252293,2.2,0
2023-03-18 23:46:29.448133,2.8,0
2023-03-18 23:46:39.653773,3,0
2023-03-18 23:46:49.846936,2.7,0
2023-03-18 23:47:00.019091,2.9,0
2023-03-18 23:47:10.258062,2.9,0
2023-03-18 23:47:20.433884,1.9,0
2023-03-18 23:47:30.614966,1.5,0
2023-03-18 23:47:40.885237,2.8,0
2023-03-18 23:47:51.172563,2.8,0
2023-03-18 23:48:01.357388,2.7,0
2023-03-18 23:48:11.548930,2.7,0
2023-03-18 23:48:21.734722,2.6,0
2023-03-18 23:48:31.920076,2.6,0
2023-03-18 23:48:42.122097,1.1,0
2023-03-18 23:48:52.285037,2.4,0
2023-03-18 23:49:02.512925,2.7,0
2023-03-18 23:49:12.721918,2.9,0
2023-03-18 23:49:22.936093,2.8,0
2023-03-18 23:49:33.129760,2.8,0
2023-03-18 23:49:43.397393,2.8,0
2023-03-18 23:49:53.630875,2,0
2023-03-18 23:50:03.842103,1.3,0
2023-03-18 23:50:14.106447,2.8,0
2023-03-18 23:50:24.320837,2.8,0
2023-03-18 23:50:34.578930,2.8,0
2023-03-18 23:50:44.904810,2.9,0
2023-03-18 23:50:55.089444,2.8,0
2023-03-18 23:51:05.263100,2.7,0
2023-03-18 23:51:15.446712,1.3,0
2023-03-18 23:51:25.608749,2.3,0
2023-03-18 23:51:35.801975,3,0
2023-03-18 23:51:45.998508,2.7,0
2023-03-18 23:51:56.186760,2.7,0
2023-03-18 23:52:06.356766,2.7,0
2023-03-18 23:52:16.527592,2.7,0
2023-03-18 23:52:26.702250,2,0
2023-03-18 23:52:36.878983,1.5,0
2023-03-18 23:52:47.077019,2.7,0
2023-03-18 23:52:57.283964,2.7,0
2023-03-18 23:53:07.530913,2.7,0
2023-03-18 23:53:17.729757,2.8,0
2023-03-18 23:53:27.968876,2.8,0
2023-03-18 23:53:38.164465,3.1,0
2023-03-18 23:53:48.337091,1.1,0
2023-03-18 23:53:58.526112,2.2,0
2023-03-18 23:54:08.734391,2.8,0
2023-03-18 23:54:18.940295,2.9,0
2023-03-18 23:54:29.144311,2.8,0
2023-03-18 23:54:39.327787,2.7,0
2023-03-18 23:54:49.510644,2.6,0
2023-03-18 23:54:59.691586,1.9,0
2023-03-18 23:55:09.873114,1.4,0
2023-03-18 23:55:20.093725,2.7,0
2023-03-18 23:55:30.311086,2.8,0
2023-03-18 23:55:40.514533,2.9,0
2023-03-18 23:55:50.718053,2.8,0
2023-03-18 23:56:00.943591,2.7,0
2023-03-18 23:56:11.180838,2.6,0
2023-03-18 23:56:21.366439,0.9,0
2023-03-18 23:56:31.555727,2.3,0
2023-03-18 23:56:41.853135,2.7,0
2023-03-18 23:56:52.068127,2.8,0
2023-03-18 23:57:02.272719,2.7,0
2023-03-18 23:57:12.491058,2.7,0
2023-03-18 23:57:22.676576,2.6,0
2023-03-18 23:57:32.859141,2.2,0
2023-03-18 23:57:43.054196,1.6,0
2023-03-18 23:57:53.266868,2.8,0
2023-03-18 23:58:03.473735,2.8,0
2023-03-18 23:58:13.671193,2.7,0
2023-03-18 23:58:23.865921,2.7,0
2023-03-18 23:58:34.063919,2.8,0
2023-03-18 23:58:44.395775,2.6,0
2023-03-18 23:58:54.640963,1.2,0
2023-03-18 23:59:04.813082,2.2,0
2023-03-18 23:59:15.082579,2.7,0
2023-03-18 23:59:25.336959,2.8,0
2023-03-18 23:59:35.595156,2.8,0
2023-03-18 23:59:45.827595,2.8,0
2023-03-18 23:59:56.012842,2.7,0
2023-03-19 00:00:06.250342,2.5,0
2023-03-19 00:00:16.488591,0.9,0
2023-03-19 00:00:26.699681,2.7,0
2023-03-19 00:00:36.901957,6.8,0
2023-03-19 00:00:47.111153,2.8,0
2023-03-19 00:00:57.329891,2.7,0
2023-03-19 00:01:07.513229,2.7,0
2023-03-19 00:01:17.687360,2.6,0
2023-03-19 00:01:27.854303,1.3,0
2023-03-19 00:01:38.023348,2.1,0
2023-03-19 00:01:48.227151,2.8,0
2023-03-19 00:01:58.487893,2.7,0
2023-03-19 00:02:08.757126,2.8,0
2023-03-19 00:02:18.962948,2.8,0
2023-03-19 00:02:29.129354,2.7,0
2023-03-19 00:02:39.303586,2.5,0
2023-03-19 00:02:49.463664,1,0
2023-03-19 00:02:59.655861,2.6,0
2023-03-19 00:03:09.902255,2.8,0
2023-03-19 00:03:20.114743,2.7,0
2023-03-19 00:03:30.325877,2.9,0
2023-03-19 00:03:40.513350,2.9,0
2023-03-19 00:03:50.752338,2.5,0
2023-03-19 00:04:00.938011,1.4,0
2023-03-19 00:04:11.122248,1.9,0
2023-03-19 00:04:21.337597,3,0
2023-03-19 00:04:31.547018,2.8,0
2023-03-19 00:04:41.749117,2.7,0
2023-03-19 00:04:51.911647,2.7,0
2023-03-19 00:05:02.098229,2.5,0
2023-03-19 00:05:12.346786,2.2,0
2023-03-19 00:05:22.522546,1,0
2023-03-19 00:05:32.730494,2.8,0
2023-03-19 00:05:43.085257,2.7,0
2023-03-19 00:05:53.283684,2.9,0
2023-03-19 00:06:03.499539,2.7,0
2023-03-19 00:06:13.661049,2.6,0
2023-03-19 00:06:23.866541,2.6,0
2023-03-19 00:06:34.059575,1.5,0
2023-03-19 00:06:44.227922,2,0
2023-03-19 00:06:54.417837,2.7,0
2023-03-19 00:07:04.619659,2.7,0
2023-03-19 00:07:14.819877,3.4,0
2023-03-19 00:07:25.002902,2.5,0
2023-03-19 00:07:35.182998,2.5,0
2023-03-19 00:07:45.375738,2,0
2023-03-19 00:07:55.577065,0.8,0
2023-03-19 00:08:05.796808,2.4,0
2023-03-19 00:08:16.083807,2.4,0
2023-03-19 00:08:26.291908,2.4,0
2023-03-19 00:08:36.504959,2.5,0
2023-03-19 00:08:46.696370,2.4,0
2023-03-19 00:08:56.879265,2.3,0
2023-03-19 00:09:07.072316,1.2,0
2023-03-19 00:09:17.263431,1.7,0
2023-03-19 00:09:27.485778,3.4,0
2023-03-19 00:09:37.686844,2.7,0
2023-03-19 00:09:47.894034,2.4,0
2023-03-19 00:09:58.106574,2.5,0
2023-03-19 00:10:08.302796,2.4,0
2023-03-19 00:10:18.487572,1.9,0
2023-03-19 00:10:28.700397,0.7,0
2023-03-19 00:10:38.916503,2.8,0
2023-03-19 00:10:49.116242,2.4,0
2023-03-19 00:10:59.339783,2.5,0
2023-03-19 00:11:09.607720,2.4,0
2023-03-19 00:11:19.777134,2.4,0
2023-03-19 00:11:29.953615,2.3,0
2023-03-19 00:11:40.116285,1.1,0
2023-03-19 00:11:50.288464,1.7,0
2023-03-19 00:12:00.476739,2.6,0
2023-03-19 00:12:10.695089,2.5,0
2023-03-19 00:12:20.888920,2.4,0
2023-03-19 00:12:31.090783,2.6,0
2023-03-19 00:12:41.324966,2.5,0
2023-03-19 00:12:51.494866,2.2,0
2023-03-19 00:13:01.675044,1.1,0
2023-03-19 00:13:11.891890,2.5,0
2023-03-19 00:13:22.098535,2.4,0
2023-03-19 00:13:32.315014,2.6,0
2023-03-19 00:13:42.552363,2.6,0
2023-03-19 00:13:52.722576,2.4,0
2023-03-19 00:14:02.895556,2.3,0
2023-03-19 00:14:13.151726,0.9,0
2023-03-19 00:14:23.342637,1.8,0
2023-03-19 00:14:33.543603,2.6,0
2023-03-19 00:14:43.743650,2.6,0
2023-03-19 00:14:53.942353,2.6,0
2023-03-19 00:15:04.139003,2.6,0
2023-03-19 00:15:14.341458,2.3,0
2023-03-19 00:15:24.524437,1.9,0
2023-03-19 00:15:34.722286,1,0
2023-03-19 00:15:44.928101,2.5,0
2023-03-19 00:15:55.135638,2.5,0
2023-03-19 00:16:05.337544,2.6,0
2023-03-19 00:16:15.557511,2.5,0
2023-03-19 00:16:25.723571,2.4,0
2023-03-19 00:16:35.926571,2.4,0
2023-03-19 00:16:46.091580,0.7,0
2023-03-19 00:16:56.260608,2.1,0
2023-03-19 00:17:06.468699,3,0
2023-03-19 00:17:16.729951,2.3,0
2023-03-19 00:17:26.938437,2.5,0
2023-03-19 00:17:37.146357,2.6,0
2023-03-19 00:17:47.326228,2.3,0
2023-03-19 00:17:57.505244,1.6,0
2023-03-19 00:18:07.755148,1.1,0
2023-03-19 00:18:17.967664,2.4,0
2023-03-19 00:18:28.180081,2.4,0
2023-03-19 00:18:38.378074,2.6,0
2023-03-19 00:18:48.589426,2.5,0
2023-03-19 00:18:58.789410,2.3,0
2023-03-19 00:19:08.971609,2.3,0
2023-03-19 00:19:19.158573,1,0
2023-03-19 00:19:29.342632,2,0
2023-03-19 00:19:39.559829,2.7,0
2023-03-19 00:19:49.774405,2.5,0
2023-03-19 00:19:59.990562,2.4,0
2023-03-19 00:20:10.195464,2.5,0
2023-03-19 00:20:20.447369,2.4,0
2023-03-19 00:20:30.638030,1.8,0
2023-03-19 00:20:40.816773,1.1,0
2023-03-19 00:20:51.025711,2.4,0
2023-03-19 00:21:01.256273,2.5,0
2023-03-19 00:21:11.489298,2.5,0
2023-03-19 00:21:21.707123,2.5,0
2023-03-19 00:21:31.899338,2.7,0
2023-03-19 00:21:42.140026,2.4,0
2023-03-19 00:21:52.320827,0.7,0
2023-03-19 00:22:02.499663,2.1,0
2023-03-19 00:22:12.715625,2.6,0
2023-03-19 00:22:22.935490,2.4,0
2023-03-19 00:22:33.137394,2.4,0
2023-03-19 00:22:43.412137,2.4,0
2023-03-19 00:22:53.592714,2.3,0
2023-03-19 00:23:03.784083,1.9,0
2023-03-19 00:23:14.149975,0.9,0
2023-03-19 00:23:24.361889,2.5,0
2023-03-19 00:23:34.616650,2.7,0
2023-03-19 00:23:44.925749,2.7,0
2023-03-19 00:23:55.131831,2.4,0
2023-03-19 00:24:05.317470,2.3,0
2023-03-19 00:24:15.508303,2.3,0
2023-03-19 00:24:25.698431,1.2,0
2023-03-19 00:24:35.891172,1.8,0
2023-03-19 00:24:46.173793,2.5,0
2023-03-19 00:24:56.382714,2.5,0
2023-03-19 00:25:06.584368,2.4,0
2023-03-19 00:25:16.788837,2.4,0
2023-03-19 00:25:26.983253,2.3,0
2023-03-19 00:25:37.172446,2.6,0
2023-03-19 00:25:47.360715,0.6,0
2023-03-19 00:25:57.550810,2.4,0
2023-03-19 00:26:07.759446,2.6,0
2023-03-19 00:26:18.032986,2.4,0
2023-03-19 00:26:28.250750,2.3,0
2023-03-19 00:26:38.455315,2.6,0
2023-03-19 00:26:48.643917,2.2,0
2023-03-19 00:26:58.881000,1.2,0
2023-03-19 00:27:09.083853,1.5,0
2023-03-19 00:27:19.317228,2.5,0
2023-03-19 00:27:29.528826,2.4,0
2023-03-19 00:27:39.731435,2.6,0
2023-03-19 00:27:49.943665,2.8,0
2023-03-19 00:28:00.115592,2.3,0
2023-03-19 00:28:10.299726,2.2,0
2023-03-19 00:28:20.491057,0.5,0
2023-03-19 00:28:30.714751,2.5,0
2023-03-19 00:28:40.923662,2.5,0
2023-03-19 00:28:51.134861,2.5,0
2023-03-19 00:29:01.341280,2.5,0
2023-03-19 00:29:11.551837,2.6,0
2023-03-19 00:29:21.795171,2.3,0
2023-03-19 00:29:31.979590,1.3,0
2023-03-19 00:29:42.176374,1.5,0
2023-03-19 00:29:52.387093,2.4,0
2023-03-19 00:30:02.602629,2.6,0
2023-03-19 00:30:12.815731,2.3,0
2023-03-19 00:30:22.996866,2.3,0
2023-03-19 00:30:33.189491,2.5,0
2023-03-19 00:30:43.418676,2.2,0
2023-03-19 00:30:53.604544,0.4,0
2023-03-19 00:31:03.818600,2.5,0
2023-03-19 00:31:14.032377,2.5,0
2023-03-19 00:31:24.291270,2.4,0
2023-03-19 00:31:34.511713,2.5,0
2023-03-19 00:31:44.773543,2.6,0
2023-03-19 00:31:54.963792,2.3,0
2023-03-19 00:32:05.156375,1.5,0
2023-03-19 00:32:15.400106,1.5,0
2023-03-19 00:32:25.625121,2.5,0
2023-03-19 00:32:35.840019,2.6,0
2023-03-19 00:32:46.057816,2.5,0
2023-03-19 00:32:56.268341,2.5,0
2023-03-19 00:33:06.456344,2.3,0
2023-03-19 00:33:16.646913,2.3,0
2023-03-19 00:33:26.891056,0.4,0
2023-03-19 00:33:37.095883,2.5,0
2023-03-19 00:33:47.301949,2.4,0
2023-03-19 00:33:57.517343,2.5,0
2023-03-19 00:34:07.731295,2.7,0
2023-03-19 00:34:17.933240,2.6,0
2023-03-19 00:34:28.130735,2.3,0
2023-03-19 00:34:38.323588,1.5,0
2023-03-19 00:34:48.511591,1.3,0
2023-03-19 00:34:58.721217,2.5,0
2023-03-19 00:35:08.929285,2.5,0
2023-03-19 00:35:19.202636,2.5,0
2023-03-19 00:35:29.422969,2.3,0
2023-03-19 00:35:39.634588,2.6,0
2023-03-19 00:35:49.830373,2.4,0
2023-03-19 00:36:00.023264,0.5,0
2023-03-19 00:36:10.207253,2.2,0
2023-03-19 00:36:20.409748,2.5,0
2023-03-19 00:36:30.611994,2.4,0
2023-03-19 00:36:40.817140,2.4,0
2023-03-19 00:36:51.014646,2.4,0
2023-03-19 00:37:01.195509,2.3,0
2023-03-19 00:37:11.411508,4.2,0
2023-03-19 00:37:21.625529,2.2,0
2023-03-19 00:37:31.825151,2.8,0
2023-03-19 00:37:42.044296,2.8,0
2023-03-19 00:37:52.248771,2.6,0
2023-03-19 00:38:02.435126,2.7,0
2023-03-19 00:38:12.613910,2.6,0
2023-03-19 00:38:22.867206,2.6,0
2023-03-19 00:38:33.053076,1.1,0
2023-03-19 00:38:43.261314,2.7,0
2023-03-19 00:38:53.483640,2.7,0
2023-03-19 00:39:03.905020,3.3,0
2023-03-19 00:39:14.116114,2.7,0
2023-03-19 00:39:24.288612,2.6,0
2023-03-19 00:39:34.480464,2.6,0
2023-03-19 00:39:44.775410,3,0
2023-03-19 00:39:54.958953,1.1,0